round	n_in	n_win	n_lose	n_uk	n_new_pre	n_new_uniq	n_new_post	n_seen	n_rehash	n_catch_total	n_try_total	F0	F1	F2	F3	S	F4	F4_diff	F4_union	F5	round_total	residual	rss_start	rss_F0_begin	rss_F0	rss_F1_begin	rss_F1	rss_F2_begin	rss_F2	rss_F3_begin	rss_F3	rss_F4_begin	rss_F4_mid	rss_F4	rss_F5_begin	rss_F5	hwm_start	hwm_F0_begin	hwm_F0	hwm_F1_begin	hwm_F1	hwm_F2_begin	hwm_F2	hwm_F3_begin	hwm_F3	hwm_F4_begin	hwm_F4_mid	hwm_F4	hwm_F5_begin	hwm_F5
1	1	0	0	1	4	0	4	5	0	0	0	0.000144	0.000179	0.000285	0.000077	0.000215	0.000156	0.000083	0.000073	0.000285	0.051140	0.049799	22482944	22614016	22614016	22614016	22683648	22683648	22683648	22683648	22683648	22745088	22745088	22745088	22745088	22745088	22614016	22614016	22614016	22614016	22683648	22683648	22683648	22683648	22683648	22745088	22745088	22745088	22745088	22745088
2	4	0	0	4	17	0	17	22	0	0	0	0.000106	0.000145	0.000220	0.000076	0.000000	0.000139	0.000069	0.000070	0.000280	0.001744	0.000777	22810624	22810624	22810624	22810624	22810624	22810624	22810624	22810624	22810624	22810624	22810624	22810624	22810624	22810624	22810624	22810624	22810624	22810624	22810624	22810624	22810624	22810624	22810624	22810624	22810624	22810624	22810624	22810624
3	17	4	0	13	96	0	82	104	0	4	0	0.000104	0.000157	0.000218	0.000077	0.000000	0.000139	0.000070	0.000069	0.000278	0.001751	0.000777	22810624	22810624	22810624	22810624	22814720	22814720	22814720	22814720	22814720	22814720	22814720	22814720	22814720	22814720	22810624	22810624	22810624	22810624	22814720	22814720	22814720	22814720	22814720	22814720	22814720	22814720	22814720	22814720
4	82	24	0	58	510	0	447	551	0	28	0	0.000104	0.000200	0.000222	0.000078	0.000000	0.000138	0.000069	0.000069	0.000280	0.001806	0.000785	22814720	22814720	22814720	22814720	22814720	22814720	22814720	22814720	22814720	22814720	22814720	22814720	22814720	22814720	22814720	22814720	22814720	22814720	22814720	22814720	22814720	22814720	22814720	22814720	22814720	22814720	22814720	22814720
5	447	131	0	316	2509	0	1960	2511	0	159	0	0.000109	0.000444	0.000281	0.000077	0.000000	0.000138	0.000069	0.000069	0.000314	0.002179	0.000814	22814720	22814720	22814720	22814720	22827008	22827008	22827008	22827008	22827008	22827008	22827008	22827008	22827008	22827008	22814720	22814720	22814720	22814720	22827008	22827008	22827008	22827008	22827008	22827008	22827008	22827008	22827008	22827008
6	1960	687	2	1271	10840	0	7714	10225	0	846	2	0.000109	0.001478	0.000324	0.000078	0.000000	0.000155	0.000085	0.000070	0.000509	0.003481	0.000827	22827008	22827008	22827008	22827008	22941696	22941696	22941696	22941696	22941696	22941696	22941696	22941696	22941696	23126016	22827008	22827008	22827008	22827008	22941696	22941696	22941696	22941696	22941696	22941696	22941696	22941696	22941696	23126016
7	7714	3005	15	4694	43237	0	28583	38808	0	3851	17	0.000120	0.005358	0.000368	0.000079	0.000000	0.000141	0.000071	0.000070	0.001095	0.008031	0.000870	23007232	23007232	23007232	23007232	23400448	23400448	23400448	23400448	23400448	23400448	23400448	23400448	23400448	23629824	23007232	23007232	23007232	23007232	23400448	23400448	23400448	23400448	23400448	23400448	23400448	23400448	23400448	23629824
8	28583	10041	41	18501	169739	0	106762	145570	0	13892	58	0.000216	0.019675	0.000930	0.000079	0.000000	0.000160	0.000071	0.000090	0.003273	0.025257	0.000924	23400448	23400448	23502848	23502848	24883200	24883200	25198592	25198592	25198592	25198592	25198592	25198592	25198592	25853952	23400448	23400448	23502848	23502848	24883200	24883200	25198592	25198592	25198592	25198592	25198592	25198592	25198592	26771456
9	106762	41609	225	64928	610934	0	346184	491754	0	55501	283	0.000615	0.074400	0.002778	0.000081	0.000000	0.000141	0.000071	0.000070	0.010127	0.089527	0.001385	24997888	24997888	25726976	25726976	29687808	30003200	30334976	30334976	30334976	30334976	30334976	30334976	30334976	30134272	26771456	26771456	26771456	26771456	29687808	30003200	31649792	31649792	31649792	31649792	31649792	31649792	31649792	37871616
10	346184	128314	794	217076	2070403	0	1095851	1587605	2	183815	1077	0.002412	0.261854	0.007168	0.000112	0.000000	0.000130	0.000072	0.000058	0.036652	0.310303	0.001976	27361280	27361280	32772096	32772096	69468160	70918144	79724544	79724544	79724544	79724544	79724544	79724544	79724544	97218560	37871616	37871616	37871616	37871616	81297408	81297408	81297408	81297408	81297408	81297408	81297408	81297408	81297408	97218560
11	1095851	441814	4375	649662	6408513	0	2954532	4542137	2	625629	5452	0.002966	0.948195	0.030097	0.000105	0.000000	0.000118	0.000058	0.000059	0.110848	1.097818	0.005490	97218560	97218560	97243136	97243136	212774912	216600576	239558656	239558656	239558656	239558656	239558656	239558656	239558656	263282688	97218560	97218560	97243136	97243136	276418560	276418560	276418560	276418560	276418560	276418560	276418560	276418560	276418560	310198272
12	2954532	1185217	16239	1753076	17195492	0	7196129	11738266	1	1810846	21691	0.023784	2.386083	0.114045	0.000098	0.000000	0.000119	0.000059	0.000060	0.279885	2.813029	0.009015	239644672	239644672	263282688	263282688	442667008	442667008	457973760	457973760	457973760	457973760	457973760	457973760	457973760	442667008	310198272	310198272	310198272	310198272	562802688	562802688	562802688	562802688	562802688	562802688	562802688	562802688	562802688	577445888
13	5000000	2186385	43896	2769719	27836473	0	10358000	22096266	1	3997231	65587	0.054450	4.159164	0.262503	0.000107	0.000000	0.000196	0.000101	0.000095	0.444331	4.960322	0.039572	385097728	385097728	425099264	425099264	778264576	810246144	853606400	853606400	853606400	853606400	853606400	853606400	853606400	887349248	577445888	577445888	577445888	577445888	1081589760	1081589760	1081589760	1081589760	1081589760	1081589760	1081589760	1081589760	1081589760	1081589760
14	5000000	2317482	45104	2637414	26907699	0	8701626	30797892	0	6314713	110691	0.054550	3.429503	0.113938	0.000104	0.000000	0.000195	0.000120	0.000076	0.413845	4.041727	0.029593	684670976	684670976	724672512	724672512	793796608	812335104	812466176	812466176	812466176	812466176	812466176	812466176	812466176	873635840	1081589760	1081589760	1081589760	1081589760	1081589760	1081589760	1081589760	1081589760	1081589760	1081589760	1081589760	1081589760	1081589760	1081589760
15	5000000	2184299	29740	2785961	27004443	0	8452933	39250825	1	8499012	140431	0.054925	4.625103	0.269020	0.000109	0.000000	0.000156	0.000078	0.000078	0.391275	5.361548	0.020960	686112768	686112768	726114304	726114304	1330237440	1348841472	1373773824	1373773824	1373773824	1373773824	1373773824	1373773824	1373773824	1383821312	1081589760	1081589760	1081589760	1081589760	1919344640	1919344640	1919344640	1919344640	1919344640	1919344640	1919344640	1919344640	1919344640	1919344640
16	5000000	2277878	97320	2624802	25421026	0	8336624	47587449	0	10776890	237751	0.046808	3.263699	0.134064	0.000085	0.000000	0.000135	0.000075	0.000060	0.493019	3.962310	0.024499	1306148864	1306148864	1346150400	1346150400	1372844032	1391132672	1391132672	1391132672	1391132672	1391132672	1391132672	1391132672	1391132672	1442500608	1919344640	1919344640	1919344640	1919344640	1919344640	1919344640	1919344640	1919344640	1919344640	1919344640	1919344640	1919344640	1919344640	1919344640
17	5000000	2304997	58326	2636677	26502165	0	7836035	55423484	0	13081887	296077	0.039133	3.327038	0.278405	0.000098	0.000000	0.000163	0.000081	0.000081	0.436199	4.102201	0.021166	1300463616	1300463616	1340465152	1340465152	1363152896	1381818368	1410031616	1410031616	1410031616	1410031616	1410031616	1410031616	1410031616	1454907392	1919344640	1919344640	1919344640	1919344640	1919344640	1919344640	1919344640	1919344640	1919344640	1919344640	1919344640	1919344640	1919344640	1919344640
18	5000000	2473861	48806	2477333	24383719	0	6791716	62215200	0	15555748	344883	0.017233	3.309507	0.125395	0.000086	0.000000	0.000123	0.000062	0.000060	0.334175	3.808604	0.022085	1367855104	1367855104	1367855104	1367855104	1422192640	1442127872	1413152768	1413152768	1413152768	1413152768	1413152768	1413152768	1413152768	1415532544	1919344640	1919344640	1919344640	1919344640	1919344640	1919344640	1919344640	1919344640	1919344640	1919344640	1919344640	1919344640	1919344640	1919344640
19	5000000	2578417	55576	2366007	22673628	0	5768148	67983348	1	18134165	400459	0.044808	6.243508	0.273017	0.000094	0.000000	0.000155	0.000076	0.000079	0.352018	6.933625	0.020025	1354145792	1354145792	1394147328	1394147328	2474033152	2494660608	2509594624	2509594624	2509594624	2509594624	2509594624	2509594624	2509594624	2544750592	1919344640	1919344640	1919344640	1919344640	3621302272	3621302272	3621302272	3621302272	3621302272	3621302272	3621302272	3621302272	3621302272	3621302272
20	5000000	2697195	207241	2095564	20321873	0	6040927	74024275	0	20831360	607700	0.021372	2.845723	0.108617	0.000073	0.000000	0.000127	0.000061	0.000067	0.370767	3.367910	0.021230	2477219840	2477219840	2477219840	2477219840	2525548544	2547126272	2522738688	2522738688	2522738688	2522738688	2522738688	2522738688	2522738688	2588577792	3621302272	3621302272	3621302272	3621302272	3621302272	3621302272	3621302272	3621302272	3621302272	3621302272	3621302272	3621302272	3621302272	3621302272
21	5000000	2573318	61195	2365487	22438434	0	5060722	79084997	0	23404678	668895	0.022492	2.896392	0.263652	0.000143	0.000000	0.000287	0.000154	0.000133	0.312453	3.517519	0.022101	2512719872	2512719872	2512719872	2512719872	2512719872	2533306368	2576596992	2576596992	2576596992	2576596992	2576596992	2576596992	2576596992	2688802816	3621302272	3621302272	3621302272	3621302272	3621302272	3621302272	3621302272	3621302272	3621302272	3621302272	3621302272	3621302272	3621302272	3621302272
22	5000000	2682186	96775	2221039	23331495	0	5528956	84613953	0	26086864	765670	0.023201	2.950546	0.077727	0.000073	0.000000	0.000118	0.000060	0.000059	0.366318	3.444411	0.026426	2576596992	2576596992	2576596992	2576596992	2576596992	2598051840	2557083648	2557083648	2557083648	2557083648	2557083648	2557083648	2557083648	2674003968	3621302272	3621302272	3621302272	3621302272	3621302272	3621302272	3621302272	3621302272	3621302272	3621302272	3621302272	3621302272	3621302272	3621302272
23	5000000	2680252	52928	2266820	21295709	0	4844300	89458253	0	28767116	818598	0.020631	2.957501	0.203020	0.000078	0.000000	0.000128	0.000063	0.000064	0.163360	3.361575	0.016857	2557083648	2557083648	2557083648	2557083648	2557083648	2578526208	2614149120	2614149120	2614149120	2614149120	2614149120	2614149120	2614149120	2614149120	3621302272	3621302272	3621302272	3621302272	3621302272	3621302272	3621302272	3621302272	3621302272	3621302272	3621302272	3621302272	3621302272	3621302272
24	5000000	2615312	88535	2296153	20026754	0	4690848	94149101	0	31382428	907133	0.021677	2.814187	0.262852	0.000073	0.000000	0.000123	0.000060	0.000062	0.308384	3.431470	0.024174	2614149120	2614149120	2614149120	2614149120	2614149120	2635071488	2646851584	2646851584	2646851584	2646851584	2646851584	2646851584	2646851584	2763038720	3621302272	3621302272	3621302272	3621302272	3621302272	3621302272	3621302272	3621302272	3621302272	3621302272	3621302272	3621302272	3621302272	3621302272
25	5000000	2673346	141583	2185071	19709752	0	5434587	99583688	0	34055774	1048716	0.020016	2.881644	0.156443	0.000072	0.000000	0.000135	0.000070	0.000065	0.297877	3.379651	0.023463	2646851584	2646851584	2646851584	2646851584	2646851584	2668240896	2668240896	2668240896	2668240896	2668240896	2668240896	2668240896	2668240896	2785431552	3621302272	3621302272	3621302272	3621302272	3621302272	3621302272	3621302272	3621302272	3621302272	3621302272	3621302272	3621302272	3621302272	3621302272
26	5000000	2627994	227056	2144950	19325458	0	5641573	105225261	0	36683768	1275772	0.020496	2.981662	0.243143	0.000074	0.000000	0.000125	0.000064	0.000061	0.185184	3.446255	0.015572	2668240896	2668240896	2668240896	2668240896	2668240896	2689261568	2689261568	2689261568	2689261568	2689261568	2689261568	2689261568	2689261568	2689261568	3621302272	3621302272	3621302272	3621302272	3621302272	3621302272	3621302272	3621302272	3621302272	3621302272	3621302272	3621302272	3621302272	3621302272
27	5000000	2751934	74191	2173875	19471629	0	4378051	109603312	0	39435702	1349963	0.017418	2.802388	0.131214	0.000074	0.000000	0.000121	0.000061	0.000060	0.198078	3.167851	0.018558	2689261568	2689261568	2689261568	2689261568	2689261568	2711277568	2686590976	2686590976	2686590976	2686590976	2686590976	2686590976	2686590976	2727084032	3621302272	3621302272	3621302272	3621302272	3621302272	3621302272	3621302272	3621302272	3621302272	3621302272	3621302272	3621302272	3621302272	3621302272
28	5000000	2686246	171315	2142439	20170324	0	4762300	114365612	0	42121948	1521278	0.016549	2.910969	0.253017	0.000073	0.000000	0.000122	0.000060	0.000062	0.174874	3.373665	0.018060	2686590976	2686590976	2686590976	2686590976	2686590976	2708082688	2713976832	2713976832	2713976832	2713976832	2713976832	2713976832	2713976832	2752565248	3621302272	3621302272	3621302272	3621302272	3621302272	3621302272	3621302272	3621302272	3621302272	3621302272	3621302272	3621302272	3621302272	3621302272
29	5000000	2862366	105448	2032186	18467491	0	4701674	119067286	0	44984314	1626726	0.017119	2.872002	0.093978	0.000072	0.000000	0.000118	0.000058	0.000060	0.339737	3.347163	0.024138	2713976832	2713976832	2713976832	2713976832	2713976832	2736873472	2715492352	2715492352	2715492352	2715492352	2715492352	2715492352	2715492352	2830282752	3621302272	3621302272	3621302272	3621302272	3621302272	3621302272	3621302272	3621302272	3621302272	3621302272	3621302272	3621302272	3621302272	3621302272
30	5000000	3079913	154458	1765629	16283117	0	3397718	122465004	0	48064227	1781184	0.016371	2.700273	0.196643	0.000079	0.000000	0.000128	0.000064	0.000064	0.251837	3.189509	0.024179	2715492352	2715492352	2715492352	2715492352	2715492352	2740133888	2780573696	2780573696	2780573696	2780573696	2780573696	2780573696	2780573696	2880163840	3621302272	3621302272	3621302272	3621302272	3621302272	3621302272	3621302272	3621302272	3621302272	3621302272	3621302272	3621302272	3621302272	3621302272
31	5000000	2936198	218860	1844942	16525129	0	4363879	126828883	0	51000425	2000044	0.015879	2.812201	0.246789	0.000077	0.000000	0.000129	0.000065	0.000065	0.217043	3.311730	0.019612	2780577792	2780577792	2780577792	2780577792	2780577792	2804068352	2804068352	2804068352	2804068352	2804068352	2804068352	2804068352	2804068352	2864091136	3621302272	3621302272	3621302272	3621302272	3621302272	3621302272	3621302272	3621302272	3621302272	3621302272	3621302272	3621302272	3621302272	3621302272
32	5000000	3081132	315290	1603578	15172279	0	3868428	130697311	0	54081557	2315334	0.016261	2.722692	0.107120	0.000073	0.000000	0.000120	0.000060	0.000059	0.227673	3.095259	0.021320	2805796864	2805796864	2805796864	2805796864	2805796864	2830446592	2799595520	2799595520	2799595520	2799595520	2799595520	2799595520	2799595520	2872193024	3621302272	3621302272	3621302272	3621302272	3621302272	3621302272	3621302272	3621302272	3621302272	3621302272	3621302272	3621302272	3621302272	3621302272
33	5000000	3106824	133017	1760159	16258785	0	3276909	133974220	0	57188381	2448351	0.017115	2.751822	0.195776	0.000082	0.000000	0.000134	0.000067	0.000067	0.146742	3.129501	0.017831	2822950912	2822950912	2822950912	2822950912	2822950912	2847805440	2861539328	2861539328	2861539328	2861539328	2861539328	2861539328	2861539328	2861539328	3621302272	3621302272	3621302272	3621302272	3621302272	3621302272	3621302272	3621302272	3621302272	3621302272	3621302272	3621302272	3621302272	3621302272
34	5000000	3032082	254373	1713545	16327175	0	3655409	137629629	1	60220463	2702724	0.016266	7.414761	0.245658	0.000079	0.000000	0.000133	0.000065	0.000067	0.246350	7.947468	0.024220	2861539328	2861539328	2861539328	2861539328	5009022976	5033279488	5033279488	5033279488	5033279488	5033279488	5033279488	5033279488	5033279488	5135806464	3621302272	3621302272	3621302272	3621302272	7196114944	7196114944	7196114944	7196114944	7196114944	7196114944	7196114944	7196114944	7196114944	7196114944
35	5000000	2867519	126379	2006102	18760165	0	4759837	142389466	0	63087982	2829103	0.016077	2.730354	0.128776	0.000073	0.000000	0.000143	0.000061	0.000082	0.258048	3.153246	0.019775	5035646976	5035646976	5035646976	5035646976	5035646976	5058584576	5036027904	5036027904	5036027904	5036027904	5036027904	5036027904	5036027904	5121368064	7196114944	7196114944	7196114944	7196114944	7196114944	7196114944	7196114944	7196114944	7196114944	7196114944	7196114944	7196114944	7196114944	7196114944
36	5000000	2952772	199686	1847542	15984386	0	4197268	146586734	0	66040754	3028789	0.016591	2.571075	0.235864	0.000100	0.000000	0.000128	0.000064	0.000063	0.234516	3.079601	0.021327	5058588672	5058588672	5058588672	5058588672	5058588672	5082210304	5093580800	5093580800	5093580800	5093580800	5093580800	5093580800	5093580800	5149937664	7196114944	7196114944	7196114944	7196114944	7196114944	7196114944	7196114944	7196114944	7196114944	7196114944	7196114944	7196114944	7196114944	7196114944
37	5000000	2788095	279403	1932502	17257292	0	5213367	151800101	0	68828849	3308192	0.017126	2.724176	0.056953	0.000073	0.000000	0.000124	0.000064	0.000060	0.230992	3.050089	0.020645	5093580800	5093580800	5093580800	5093580800	5093580800	5115887616	5121998848	5121998848	5121998848	5121998848	5121998848	5121998848	5121998848	5180063744	7196114944	7196114944	7196114944	7196114944	7196114944	7196114944	7196114944	7196114944	7196114944	7196114944	7196114944	7196114944	7196114944	7196114944
38	5000000	2893122	209262	1897616	17280247	0	4656014	156456115	0	71721971	3517454	0.017004	2.667501	0.164616	0.000077	0.000000	0.000126	0.000063	0.000063	0.226310	3.096027	0.020393	5121998848	5121998848	5121998848	5121998848	5121998848	5145141248	5145141248	5145141248	5145141248	5145141248	5145141248	5145141248	5145141248	5200453632	7196114944	7196114944	7196114944	7196114944	7196114944	7196114944	7196114944	7196114944	7196114944	7196114944	7196114944	7196114944	7196114944	7196114944
39	5000000	2888868	235043	1876089	17052459	0	4375943	160832058	0	74610839	3752497	0.017046	2.637955	0.245734	0.000081	0.000000	0.000136	0.000068	0.000068	0.232306	3.153924	0.020666	5145141248	5145141248	5145141248	5145141248	5145141248	5168254976	5110423552	5110423552	5110423552	5110423552	5110423552	5110423552	5110423552	5191241728	7196114944	7196114944	7196114944	7196114944	7196114944	7196114944	7196114944	7196114944	7196114944	7196114944	7196114944	7196114944	7196114944	7196114944
40	5000000	2855060	132445	2012495	18842181	0	4778722	165610780	0	77465899	3884942	0.017335	2.846934	0.112361	0.000076	0.000000	0.000125	0.000063	0.000063	0.205738	3.202244	0.019674	5140918272	5140918272	5140918272	5140918272	5140918272	5163757568	5152710656	5152710656	5152710656	5152710656	5152710656	5152710656	5152710656	5202321408	7196114944	7196114944	7196114944	7196114944	7196114944	7196114944	7196114944	7196114944	7196114944	7196114944	7196114944	7196114944	7196114944	7196114944
41	5000000	3041074	237954	1720972	16414728	0	4552244	170163024	0	80506973	4122896	0.017036	2.729571	0.209001	0.000095	0.000000	0.000149	0.000080	0.000068	0.194841	3.170553	0.019861	5153771520	5153771520	5153771520	5153771520	5153771520	5178101760	5211672576	5211672576	5211672576	5211672576	5211672576	5211672576	5211672576	5256642560	7196114944	7196114944	7196114944	7196114944	7196114944	7196114944	7196114944	7196114944	7196114944	7196114944	7196114944	7196114944	7196114944	7196114944
42	5000000	3174526	277271	1548203	15438181	0	3805442	173968466	0	83681499	4400167	0.016862	2.646573	0.249079	0.000079	0.000000	0.000137	0.000071	0.000067	0.159508	3.090700	0.018461	5211672576	5211672576	5211672576	5211672576	5211672576	5237067776	5237067776	5237067776	5237067776	5237067776	5237067776	5237067776	5237067776	5237067776	7196114944	7196114944	7196114944	7196114944	7196114944	7196114944	7196114944	7196114944	7196114944	7196114944	7196114944	7196114944	7196114944	7196114944
43	5000000	2979517	182850	1837633	18648858	0	4491751	178460217	0	86661016	4583017	0.017605	2.807155	0.118739	0.000072	0.000000	0.000125	0.000065	0.000060	0.302173	3.268750	0.022881	5237067776	5237067776	5237067776	5237067776	5237067776	5260902400	5236424704	5236424704	5236424704	5236424704	5236424704	5236424704	5236424704	5381648384	7196114944	7196114944	7196114944	7196114944	7196114944	7196114944	7196114944	7196114944	7196114944	7196114944	7196114944	7196114944	7196114944	7196114944
44	5000000	2670232	77885	2251883	22095664	0	5443682	183903899	0	89331248	4660902	0.016035	3.118245	0.238977	0.000121	0.000000	0.000209	0.000105	0.000104	0.296857	3.692525	0.022082	5274886144	5274886144	5274886144	5274886144	5274886144	5296250880	5296250880	5296250880	5296250880	5296250880	5296250880	5296250880	5296250880	5402492928	7196114944	7196114944	7196114944	7196114944	7196114944	7196114944	7196114944	7196114944	7196114944	7196114944	7196114944	7196114944	7196114944	7196114944
45	5000000	2697062	135278	2167660	19535063	0	5364203	189268102	0	92028310	4796180	0.015877	2.982294	0.082303	0.000078	0.000000	0.000125	0.000063	0.000063	0.334533	3.437236	0.022026	5296250880	5296250880	5296250880	5296250880	5296250880	5317824512	5258629120	5258629120	5258629120	5258629120	5258629120	5258629120	5258629120	5371338752	7196114944	7196114944	7196114944	7196114944	7196114944	7196114944	7196114944	7196114944	7196114944	7196114944	7196114944	7196114944	7196114944	7196114944
46	5000000	2716820	169571	2113609	19177540	0	5014438	194282540	0	94745130	4965751	0.016597	2.992317	0.202131	0.000104	0.000000	0.000147	0.000070	0.000077	0.311520	3.545214	0.022398	5258629120	5258629120	5258629120	5258629120	5258629120	5280366592	5323722752	5323722752	5323722752	5323722752	5323722752	5323722752	5323722752	5439459328	7196114944	7196114944	7196114944	7196114944	7196114944	7196114944	7196114944	7196114944	7196114944	7196114944	7196114944	7196114944	7196114944	7196114944
47	5000000	2800981	86651	2112368	20663109	0	4686028	198968568	0	97546111	5052402	0.015956	3.034549	0.257368	0.000080	0.000000	0.000137	0.000068	0.000069	0.288069	3.618714	0.022555	5323722752	5323722752	5323722752	5323722752	5323722752	5346127872	5349289984	5349289984	5349289984	5349289984	5349289984	5349289984	5349289984	5462630400	7196114944	7196114944	7196114944	7196114944	7196114944	7196114944	7196114944	7196114944	7196114944	7196114944	7196114944	7196114944	7196114944	7196114944
48	5000000	2938371	82891	1978738	18648172	0	4215448	203184016	0	100484482	5135293	0.016272	2.924327	0.146795	0.000083	0.000000	0.000122	0.000061	0.000061	0.300054	3.409673	0.022019	5349289984	5349289984	5349289984	5349289984	5349289984	5372796928	5361233920	5361233920	5361233920	5361233920	5361233920	5361233920	5361233920	5491851264	7196114944	7196114944	7196114944	7196114944	7196114944	7196114944	7196114944	7196114944	7196114944	7196114944	7196114944	7196114944	7196114944	7196114944
49	5000000	3066848	198475	1734677	16049777	0	3993984	207178000	0	103551330	5333768	0.015888	2.793301	0.231284	0.000081	0.000000	0.000136	0.000069	0.000067	0.241277	3.304067	0.022099	5387300864	5387300864	5387300864	5387300864	5387300864	5411835904	5411835904	5411835904	5411835904	5411835904	5411835904	5411835904	5411835904	5472927744	7196114944	7196114944	7196114944	7196114944	7196114944	7196114944	7196114944	7196114944	7196114944	7196114944	7196114944	7196114944	7196114944	7196114944
50	5000000	3150764	158960	1690276	16600666	0	3538305	210716305	0	106702094	5492728	0.016702	2.827463	0.050192	0.000084	0.000000	0.000154	0.000071	0.000083	0.207122	3.123360	0.021643	5411840000	5411840000	5411840000	5411840000	5411840000	5437046784	5438152704	5438152704	5438152704	5438152704	5438152704	5438152704	5438152704	5487546368	7196114944	7196114944	7196114944	7196114944	7196114944	7196114944	7196114944	7196114944	7196114944	7196114944	7196114944	7196114944	7196114944	7196114944
51	5000000	2937276	87146	1975578	18434926	0	3737916	214454221	0	109639370	5579874	0.016703	2.899628	0.171434	0.000074	0.000000	0.000121	0.000061	0.000060	0.169977	3.275777	0.017839	5438152704	5438152704	5438152704	5438152704	5438152704	5461651456	5461651456	5461651456	5461651456	5461651456	5461651456	5461651456	5461651456	5461651456	7196114944	7196114944	7196114944	7196114944	7196114944	7196114944	7196114944	7196114944	7196114944	7196114944	7196114944	7196114944	7196114944	7196114944
52	5000000	3083322	130587	1786091	16671144	0	3767000	218221221	0	112722692	5710461	0.016946	2.815711	0.248195	0.000080	0.000000	0.000153	0.000080	0.000073	0.315185	3.420119	0.023848	5461651456	5461651456	5461651456	5461651456	5461651456	5486317568	5430108160	5430108160	5430108160	5430108160	5430108160	5430108160	5430108160	5597573120	7196114944	7196114944	7196114944	7196114944	7196114944	7196114944	7196114944	7196114944	7196114944	7196114944	7196114944	7196114944	7196114944	7196114944
53	5000000	3020621	151085	1828294	16714378	0	4162522	222383743	0	115743313	5861546	0.016177	2.863194	0.088772	0.000072	0.000000	0.000119	0.000059	0.000060	0.268908	3.258962	0.021721	5488840704	5488840704	5488840704	5488840704	5488840704	5513007104	5466836992	5466836992	5466836992	5466836992	5466836992	5466836992	5466836992	5578883072	7196114944	7196114944	7196114944	7196114944	7196114944	7196114944	7196114944	7196114944	7196114944	7196114944	7196114944	7196114944	7196114944	7196114944
54	5000000	3198233	105712	1696055	15800168	0	3357783	225741526	0	118941546	5967258	0.016233	2.755863	0.178839	0.000084	0.000000	0.000138	0.000069	0.000069	0.225351	3.197809	0.021301	5516148736	5516148736	5516148736	5516148736	5516148736	5541732352	5541732352	5541732352	5541732352	5541732352	5541732352	5541732352	5541732352	5591330816	7196114944	7196114944	7196114944	7196114944	7196114944	7196114944	7196114944	7196114944	7196114944	7196114944	7196114944	7196114944	7196114944	7196114944
55	5000000	3345533	157421	1497046	14164072	0	3211233	228952759	0	122287079	6124679	0.016905	2.713256	0.242307	0.000082	0.000000	0.000139	0.000069	0.000070	0.160561	3.152470	0.019221	5541732352	5541732352	5541732352	5541732352	5541732352	5568495616	5568495616	5568495616	5568495616	5568495616	5568495616	5568495616	5568495616	5568495616	7196114944	7196114944	7196114944	7196114944	7196114944	7196114944	7196114944	7196114944	7196114944	7196114944	7196114944	7196114944	7196114944	7196114944
56	5000000	3312709	281807	1405484	12783578	0	2864510	231817269	0	125599788	6406486	0.017005	2.626186	0.060045	0.000072	0.000000	0.000117	0.000058	0.000058	0.231495	2.964815	0.029896	5568495616	5568495616	5568495616	5568495616	5568495616	5595000832	5601624064	5601624064	5601624064	5601624064	5601624064	5601624064	5601624064	5652451328	7196114944	7196114944	7196114944	7196114944	7196114944	7196114944	7196114944	7196114944	7196114944	7196114944	7196114944	7196114944	7196114944	7196114944
57	5000000	3239646	162083	1598271	14525469	0	3273100	235090369	0	128839434	6568569	0.016294	2.825354	0.165490	0.000072	0.000000	0.000123	0.000063	0.000060	0.217223	3.247757	0.023202	5540892672	5540892672	5540892672	5540892672	5540892672	5566808064	5587099648	5587099648	5587099648	5587099648	5587099648	5587099648	5587099648	5631488000	7196114944	7196114944	7196114944	7196114944	7196114944	7196114944	7196114944	7196114944	7196114944	7196114944	7196114944	7196114944	7196114944	7196114944
58	5000000	3382294	136023	1481683	13696897	0	3167481	238257850	0	132221728	6704592	0.021606	2.796527	0.254808	0.000075	0.000000	0.000140	0.000078	0.000062	0.131471	3.231369	0.026742	5587099648	5587099648	5587099648	5587099648	5587099648	5614157824	5626810368	5626810368	5626810368	5626810368	5626810368	5626810368	5626810368	5682913280	7196114944	7196114944	7196114944	7196114944	7196114944	7196114944	7196114944	7196114944	7196114944	7196114944	7196114944	7196114944	7196114944	7196114944
59	3715713	2437977	132652	1145084	10228557	0	2431252	240689102	0	134659705	6837244	0.012921	2.087665	0.032454	0.000071	0.000000	0.000116	0.000058	0.000058	0.072079	2.220112	0.014806	5593866240	5593866240	5593866240	5593866240	5623459840	5642964992	5642964992	5642964992	5642964992	5642964992	5642964992	5642964992	5642964992	5655801856	7196114944	7196114944	7196114944	7196114944	7196114944	7196114944	7196114944	7196114944	7196114944	7196114944	7196114944	7196114944	7196114944	7196114944
60	2431252	1661469	43476	726307	6917128	0	1734300	242423402	0	136321174	6880720	0.007366	1.392714	0.056349	0.000071	0.000000	0.000118	0.000058	0.000060	0.044625	1.511445	0.010202	5655801856	5655801856	5655801856	5655801856	5655801856	5669093376	5669990400	5669990400	5669990400	5669990400	5669990400	5669990400	5669990400	5669990400	7196114944	7196114944	7196114944	7196114944	7196114944	7196114944	7196114944	7196114944	7196114944	7196114944	7196114944	7196114944	7196114944	7196114944
61	1734300	1061618	35967	636715	5575882	0	1433914	243857316	0	137382792	6916687	0.004709	1.057014	0.099647	0.000098	0.000000	0.000121	0.000061	0.000060	0.032924	1.201599	0.007087	5669990400	5669990400	5669990400	5669990400	5669990400	5678481408	5638815744	5638815744	5638815744	5638815744	5638815744	5638815744	5638815744	5638815744	7196114944	7196114944	7196114944	7196114944	7196114944	7196114944	7196114944	7196114944	7196114944	7196114944	7196114944	7196114944	7196114944	7196114944
62	1433914	961266	20350	452298	4456304	0	1087793	244945109	0	138344058	6937037	0.003656	0.875712	0.139871	0.000072	0.000000	0.000121	0.000062	0.000060	0.023269	1.049155	0.006453	5638815744	5638815744	5638815744	5638815744	5638815744	5646508032	5646508032	5646508032	5646508032	5646508032	5646508032	5646508032	5646508032	5646508032	7196114944	7196114944	7196114944	7196114944	7196114944	7196114944	7196114944	7196114944	7196114944	7196114944	7196114944	7196114944	7196114944	7196114944
63	1087793	645899	31099	410795	3488111	0	864366	245809475	0	138989957	6968136	0.002701	0.664239	0.156422	0.000083	0.000000	0.000122	0.000061	0.000062	0.022098	0.850392	0.004727	5646508032	5646508032	5646508032	5646508032	5646508032	5651673088	5651673088	5651673088	5651673088	5651673088	5651673088	5651673088	5651673088	5651673088	7196114944	7196114944	7196114944	7196114944	7196114944	7196114944	7196114944	7196114944	7196114944	7196114944	7196114944	7196114944	7196114944	7196114944
64	864366	619040	14269	231057	2240232	0	488986	246298461	0	139608997	6982405	0.002286	0.490097	0.162544	0.000086	0.000000	0.000120	0.000060	0.000060	0.007213	0.666892	0.004546	5651673088	5651673088	5651673088	5651673088	5651673088	5656625152	5656625152	5656625152	5656625152	5656625152	5656625152	5656625152	5656625152	5656625152	7196114944	7196114944	7196114944	7196114944	7196114944	7196114944	7196114944	7196114944	7196114944	7196114944	7196114944	7196114944	7196114944	7196114944
65	488986	304920	22469	161597	1278023	0	305630	246604091	0	139913917	7004874	0.001750	0.272816	0.181020	0.000101	0.000000	0.000167	0.000084	0.000083	0.005263	0.463962	0.002844	5656629248	5656629248	5656629248	5656629248	5656629248	5659070464	5659070464	5659070464	5659070464	5659070464	5659070464	5659070464	5659070464	5659070464	7196114944	7196114944	7196114944	7196114944	7196114944	7196114944	7196114944	7196114944	7196114944	7196114944	7196114944	7196114944	7196114944	7196114944
66	305630	242016	3906	59708	550295	0	112959	246717050	0	140155933	7008780	0.001224	0.158541	0.167337	0.000072	0.000000	0.000120	0.000060	0.000060	0.001874	0.331596	0.002428	5659070464	5659070464	5659070464	5659070464	5659070464	5661007872	5661007872	5661007872	5661007872	5661007872	5661007872	5661007872	5661007872	5661007872	7196114944	7196114944	7196114944	7196114944	7196114944	7196114944	7196114944	7196114944	7196114944	7196114944	7196114944	7196114944	7196114944	7196114944
67	112959	72374	7976	32609	227049	0	59069	246776119	0	140228307	7016756	0.000487	0.059046	0.167559	0.000072	0.000000	0.000120	0.000061	0.000060	0.001082	0.229750	0.001384	5661007872	5661007872	5661007872	5661007872	5661007872	5661585408	5661585408	5661585408	5661585408	5661585408	5661585408	5661585408	5661585408	5661585408	7196114944	7196114944	7196114944	7196114944	7196114944	7196114944	7196114944	7196114944	7196114944	7196114944	7196114944	7196114944	7196114944	7196114944
68	59069	50987	592	7490	66188	0	13645	246789764	0	140279294	7017348	0.000301	0.025874	0.167186	0.000078	0.000000	0.000119	0.000059	0.000060	0.000560	0.195402	0.001286	5661585408	5661585408	5661585408	5661585408	5661585408	5661990912	5661990912	5661990912	5661990912	5661990912	5661990912	5661990912	5661990912	5661990912	7196114944	7196114944	7196114944	7196114944	7196114944	7196114944	7196114944	7196114944	7196114944	7196114944	7196114944	7196114944	7196114944	7196114944
69	13645	8145	1380	4120	24017	0	8364	246798128	0	140287439	7018728	0.000154	0.007848	0.181292	0.000078	0.000000	0.000146	0.000080	0.000066	0.000442	0.191044	0.001083	5661990912	5661990912	5661990912	5661990912	5661990912	5662056448	5662056448	5662056448	5662056448	5662056448	5662056448	5662056448	5662056448	5662056448	7196114944	7196114944	7196114944	7196114944	7196114944	7196114944	7196114944	7196114944	7196114944	7196114944	7196114944	7196114944	7196114944	7196114944
70	8364	7241	123	1000	8701	0	2757	246800885	0	140294680	7018851	0.000121	0.004203	0.180638	0.000079	0.000000	0.000149	0.000083	0.000066	0.000365	0.186702	0.001146	5662056448	5662056448	5662056448	5662056448	5662056448	5662117888	5662117888	5662117888	5662117888	5662117888	5662117888	5662117888	5662117888	5662117888	7196114944	7196114944	7196114944	7196114944	7196114944	7196114944	7196114944	7196114944	7196114944	7196114944	7196114944	7196114944	7196114944	7196114944
71	2757	1778	130	849	4693	0	1925	246802810	0	140296458	7018981	0.000114	0.001865	0.182383	0.000080	0.000000	0.000131	0.000065	0.000065	0.000343	0.186047	0.001132	5662117888	5662117888	5662117888	5662117888	5662117888	5662130176	5662130176	5662130176	5662130176	5662130176	5662130176	5662130176	5662130176	5662130176	7196114944	7196114944	7196114944	7196114944	7196114944	7196114944	7196114944	7196114944	7196114944	7196114944	7196114944	7196114944	7196114944	7196114944
72	1925	1865	3	57	421	0	223	246803033	0	140298323	7018984	0.000103	0.000873	0.179828	0.000089	0.000000	0.000133	0.000067	0.000066	0.000348	0.182496	0.001122	5662130176	5662130176	5662130176	5662130176	5662130176	5662146560	5662146560	5662146560	5662146560	5662146560	5662146560	5662146560	5662146560	5662146560	7196114944	7196114944	7196114944	7196114944	7196114944	7196114944	7196114944	7196114944	7196114944	7196114944	7196114944	7196114944	7196114944	7196114944
73	223	157	1	65	297	0	134	246803167	0	140298480	7018985	0.000099	0.000310	0.185705	0.000094	0.000000	0.000135	0.000067	0.000068	0.000310	0.187770	0.001117	5662146560	5662146560	5662146560	5662146560	5662146560	5662146560	5662146560	5662146560	5662146560	5662146560	5662146560	5662146560	5662146560	5662146560	7196114944	7196114944	7196114944	7196114944	7196114944	7196114944	7196114944	7196114944	7196114944	7196114944	7196114944	7196114944	7196114944	7196114944
74	134	134	0	0	0	0	0	246803167	0	140298614	7018985	0.000100	0.000158	0.162357	0.000087	0.000000	0.000131	0.000065	0.000066	0.000080	0.164273	0.001361	5662146560	5662146560	5662146560	5662146560	5662146560	5662146560	5662146560	5662146560	5662146560	5662146560	5662146560	5662146560	5662146560	5662146560	7196114944	7196114944	7196114944	7196114944	7196114944	7196114944	7196114944	7196114944	7196114944	7196114944	7196114944	7196114944	7196114944	7196114944
