# depth	result	count	sum	xor
# どうぶつしょうぎ完全解析: 深さごとの局面集合の指紋 (件数, 総和 mod 2^64, XOR)
#
# ⚠️ これはオラクルではない。oracle/distribution.tsv と totals.tsv は2021年の
#    原典から来ているが、この値は記録 #15 (impl/15_c_successors) の成果物から
#    取ったものにすぎない。由来が違うので、同じ重みで扱わないこと。
#
# なぜ oracle/ に置くか:
#   dat/ は 2.2 GB あって git に入らない。tools/fingerprint_dat.py は2つの dat/ を
#   突き合わせる道具なので、照合のたびに2本ぶんディスクに要る。記録 #16 で保存形式を
#   変えると #11 から5回続いた「dat/ がバイト同一」の鎖が切れるため、その前に
#   値のほうを固定して、1本の dat/ だけで照合できるようにする。
#     python3 tools/fingerprint_dat.py <dat> --against oracle/fingerprint.tsv
#
# 何を証明しないか:
#   指紋は件数・総和・XOR の3つだけ。異なる集合でも同じ指紋になりうるので、
#   一致は集合の完全一致を証明しない。verify_log.py の174行 (局面数だけ) より強く、
#   バイト比較より弱い。
#
# 対応する記録:
#   #11 #12 #13 #14 #15。この5つの成果物は results/{12,13,14,15}_*/bytecompare.txt の
#   とおりバイト同一なので、この値は5つすべてに対応する。
#
# ⚠️ 176 行あり、distribution.tsv の 174 行とは揃わない。件数を行ごとに見比べるときは:
#     - depth=1 win は 149417185。distribution.tsv の 9118571 に
#       totals.tsv の catch_win_depth1 140298614 を足した値 (dat/ はキャッチを含む)
#     - depth=0 lose (7018985 = totals.tsv の lose_depth0) と draw は
#       distribution.tsv に無い
#     - 残りの173行は distribution.tsv とそのまま一致する
#
# どう作ったか:
#   python3 tools/fingerprint_dat.py <#15 の dat> --tsv
#   記録 #15 の本走の成果物 (results/15_c_successors/env.txt が指す走行) から取り、
#   同じ #15 のコードをフィクスチャから走らせた別の dat/ でも同じ値になることを
#   確かめてある。この2つはチャンクの分かれ方が違っていてバイト同一ではないので、
#   「指紋がチャンクの分かれ方に依存しない」を空振りせずに確かめられている。
#
# 深さ - は引き分け (最後まで確定しなかった局面)。総和と XOR は10進。
0	lose	7018985	12186213424909797813	787692039712736173
1	win	149417185	6714458586821375858	556373184850845976
2	lose	9343557	16135847691868397727	582232200491951859
3	win	11574858	5503068963753870256	1047515722331357568
4	lose	5625607	17614327843883053558	387678555111656244
5	win	7758524	7717883624044785132	135776342710909420
6	lose	4431632	11799495275790391075	107822143948785665
7	win	5806000	7555263075734173138	701478806217544662
8	lose	3553141	6479327558042157397	930586553895845537
9	win	4374554	16409109164111324293	1021078124106274307
10	lose	3049518	3247880713660703591	95277758143612761
11	win	3385884	3219416197653108675	815520914002259369
12	lose	2471063	4562548825923792246	687896776869537338
13	win	2601564	2633936915531644773	35056644730113005
14	lose	2004440	2017196590682793402	580091567591732616
15	win	2050005	321159927633148140	275159108884153470
16	lose	1640784	13831074029463217145	824366875216703901
17	win	1625762	7432480035736464112	74993135239425630
18	lose	1339578	2280024511849747412	824797678711463266
19	win	1302365	12170566730086173557	309104440952330173
20	lose	1097606	17643305248692045761	175529351743981637
21	win	1056182	11302684987711748512	260002447127745392
22	lose	907570	11042445005903673395	297989860279443167
23	win	879839	7096819145073099443	60714549413159365
24	lose	755530	15726987953885756597	1073368836339470649
25	win	738685	12299753958289007432	838848510746630004
26	lose	629301	16465858476398345902	611412070293340172
27	win	622759	4225046474386234335	83259884452837455
28	lose	523600	4042442841778124776	314280999539530278
29	win	532465	4837183655103373847	717970508928796985
30	lose	445492	10955711227113896356	170689093657101832
31	win	447388	6956507437886090571	771430495404158143
32	lose	368549	3637256466389948815	1088957118152636765
33	win	371249	1535629691765814545	26068576103050047
34	lose	297087	14375766487203552189	712550977209266841
35	win	307586	4945600473181979710	751084308038156362
36	lose	243038	15758487452362003768	661812136370644756
37	win	251833	6776828493951160209	525010101724644161
38	lose	200882	17188165276159805847	1140038675187199473
39	win	213800	13986686669608690066	1036797011484169080
40	lose	172590	16300334538109826883	844290243482244585
41	win	182828	1939945576645801720	958635081460309904
42	lose	146435	12400820013375239400	810933160876465576
43	win	152949	6383140453880332192	252216149619715380
44	lose	128339	10512642641485519366	23260715789578332
45	win	129336	17025681869076620335	6227319843913833
46	lose	108732	11534449557889462297	421504669533501459
47	win	106630	12595544456452850305	907120881316424481
48	lose	92098	13060577307003789605	121102998719697869
49	win	92339	15941936611645898515	170682176020688163
50	lose	78398	13978648302913133231	196826886533428217
51	win	77965	12825719341237986546	131631725867932110
52	lose	67957	9670364967076176835	225997024583173639
53	win	66385	3585653030330563685	534655328524028061
54	lose	59061	2598867770927883275	1065555410122510417
55	win	54680	6826763483080074564	679460401991639566
56	lose	48814	11146013912589488736	190222637558156084
57	win	44427	4517781616251766226	421223871998555800
58	lose	41216	4646903757606833452	248905809251134946
59	win	41048	13425714830548663093	384114043013644637
60	lose	35547	2119614911864658564	609970314979523564
61	win	36390	9178582847678722085	319327692717837647
62	lose	32328	14344113260506589530	1074115510102257360
63	win	31802	12275500557605914807	293793414077215749
64	lose	27666	1363765994501346233	404144130599848887
65	win	27045	17745792551307401976	812965438518709698
66	lose	23973	4544022397967895329	658818191830339447
67	win	24053	13603752564948296468	901987708262124368
68	lose	22573	6806177530785982868	819809268075685672
69	win	22373	4623477138366871684	603743174897043762
70	lose	21037	8438010373836028922	522633094608294150
71	win	20364	5156134739781524230	289447476037473524
72	lose	19439	4252998075975871325	333357888861221155
73	win	20522	8060351541514820791	306381289931024295
74	lose	19111	1888052873298264661	176873438621275387
75	win	22325	7394201352305388427	285959393898878039
76	lose	18396	93121028695610882	455376025315358422
77	win	20488	13972084098445295287	561063535581872989
78	lose	16274	16128273243459490178	644674588453205032
79	win	18914	2473485397105424706	465371049685931066
80	lose	14430	4687496002939197758	444260595842672532
81	win	16409	11166300194641627399	174175417323584787
82	lose	11686	9684798909006979646	705106459978256134
83	win	14932	6696299997233396560	813903550433152158
84	lose	10874	3617623090231709059	473370995463416125
85	win	13943	13823705620476655758	476760531332458518
86	lose	10461	514880297303065855	370818631139325491
87	win	14920	10593241736068505650	818313133620180450
88	lose	11199	5960014677287664849	950440681910672087
89	win	14980	1506919963759325838	648749911489897452
90	lose	11101	6811146862306068655	224246187106298823
91	win	14351	13099599896025061957	548734181948410723
92	lose	10985	1489343932279900683	1099779491432772747
93	win	13163	2937014241230733783	451949216976630777
94	lose	9046	18394628718276327827	521883510977711619
95	win	11666	961280178851836743	556051664601195491
96	lose	8137	298274610667392354	1128269182653189708
97	win	10825	4234350155602602253	978091863184077229
98	lose	7242	15642417200437702752	957314349139600576
99	win	10956	7632496395539134319	985082189815664463
100	lose	7163	18140952242307976477	965163216748051407
101	win	10152	16742431757653444065	229754801343144113
102	lose	6611	2588866486334818754	246605342269500050
103	win	9704	18180511205669778215	888299065613961985
104	lose	7183	13585763133554257370	1036897581751427004
105	win	9481	4701463177679468225	137520702355019597
106	lose	7678	12915941679253070307	45818162966796561
107	win	10026	14600303516659488775	827272711791544863
108	lose	8041	12817041158824322405	857309545730643447
109	win	9485	9888168421446780568	960305039444742942
110	lose	7956	8637913917552697519	174559701291656937
111	win	8499	9075686407692769098	280441739598616682
112	lose	8098	15858737635186940689	618553688486606893
113	win	8163	13360593843334370760	807788413122108482
114	lose	7513	15444565196751486824	462490820565196352
115	win	6876	4009159795702720750	578658671452326780
116	lose	6501	13689722630115541655	684535325822786867
117	win	5906	10313642264477618977	878945498634701549
118	lose	5560	13237451991197853913	104809064864615095
119	win	5666	17322625958983592344	388005943310348488
120	lose	6656	13958673627036514416	1015510979941322754
121	win	6559	13740525031847176720	1017982811910357970
122	lose	6124	5848762488389525360	1126266271642211558
123	win	6454	8117172260243539818	632307901716245130
124	lose	5329	13913181085980413055	67129042963385319
125	win	5252	7884416776218649300	434420242932860182
126	lose	4508	2031631261149952851	945435546858561987
127	win	3883	13439967197756623589	512654615138202773
128	lose	3744	4953623987612314117	456818300695510857
129	win	3229	10187070773881121541	131412705250634233
130	lose	3197	10008045723809335345	169092559342975339
131	win	2579	17744942887169042435	144574028383306237
132	lose	2299	9005956212020189859	587572526825656215
133	win	2099	13250519500897835023	885847778402557079
134	lose	1674	18335709493968216405	14744023715288433
135	win	1631	5321574840190065144	880814548202614146
136	lose	1479	4896451787474476057	958284912603472443
137	win	1656	7123724180964835253	119699963465569639
138	lose	1491	15998272725097819861	169859724278507211
139	win	2079	138952542195590870	424885877434137980
140	lose	1693	9818146064847929780	432862649784812214
141	win	1801	15199657070681906404	956331792999917574
142	lose	1335	350405365859274309	145460343721741729
143	win	1164	16779532731282688696	609497864835726352
144	lose	1046	15758934925520267885	76481659308352401
145	win	1068	11816208876429290615	237996064127569747
146	lose	868	4245917991618789614	721880168321053976
147	win	509	17899084568308249986	82493575787390434
148	lose	361	16586013846349851281	956390140355217639
149	win	283	6209583211808350921	297274042057019321
150	lose	300	15473003383565363813	239980163681372809
151	win	295	7069687299946906064	93888497904838306
152	lose	266	9821548612842938938	91569470893178980
153	win	336	7993928206948022268	362922874936783690
154	lose	164	8125666473783587533	10313455062799779
155	win	289	2425433050129141870	25110669750249548
156	lose	133	3386260058174586947	509327583264822655
157	win	195	14110658273696589198	291653822934748460
158	lose	111	2121917877381459647	72363995307047777
159	win	110	9504471144243297529	76803459211608607
160	lose	94	7477333896201167226	312320678480803590
161	win	64	2697133553749503085	77082571994808491
162	lose	65	760028424125873702	22567109299104076
163	win	16	1454815700552933962	289655350308941046
164	lose	9	1607922178022925676	310757368075143376
165	win	24	39215870895994778	1129055639144998
166	lose	7	1878108465374036653	4521633125775459
167	win	22	1764584329075490873	6940710435737
168	lose	11	1441330162427602959	288240152487193425
169	win	17	12007677279958888	1192966640540234
170	lose	4	576520525600782897	2267879545391
171	win	8	15914919548441038	5640772651321378
172	lose	3	936784145236327017	360288193528101377
173	win	12	28922599696401903	4503599631892635
174	lose	0	0	0
-	draw	2682700	9161353625505263568	815880557809809806
