round	n_in	n_win	n_lose	n_uk	n_new_pre	n_new_uniq	n_new_post	n_seen	n_catch_total	n_try_total	F0	F1	F2	F3	S	F4	F4_diff	F4_union	F5	round_total	residual	rss_start	rss_F0_begin	rss_F0	rss_F1_begin	rss_F1	rss_F2_begin	rss_F2	rss_F3_begin	rss_F3	rss_F4_begin	rss_F4_mid	rss_F4	rss_F5_begin	rss_F5	hwm_start	hwm_F0_begin	hwm_F0	hwm_F1_begin	hwm_F1	hwm_F2_begin	hwm_F2	hwm_F3_begin	hwm_F3	hwm_F4_begin	hwm_F4_mid	hwm_F4	hwm_F5_begin	hwm_F5
1	1	0	0	1	4	4	4	5	0	0	0.000140	0.000101	0.000340	0.000080	0.000200	0.000160	0.000086	0.000074	0.000396	0.051996	0.050581	14381056	14581760	14581760	14581760	14581760	14581760	14581760	14581760	14581760	14643200	14643200	14643200	14643200	14647296	14516224	14581760	14581760	14581760	14581760	14581760	14581760	14581760	14581760	14643200	14643200	14643200	14643200	14647296
2	4	0	0	4	17	17	17	22	0	0	0.000106	0.000098	0.000224	0.000079	0.000000	0.000163	0.000076	0.000087	0.000369	0.001848	0.000809	14647296	14647296	14647296	14647296	14647296	14647296	14647296	14647296	14647296	14647296	14647296	14647296	14647296	14647296	14647296	14647296	14647296	14647296	14647296	14647296	14647296	14647296	14647296	14647296	14647296	14647296	14647296	14647296
3	17	4	0	13	96	83	82	104	4	0	0.000141	0.000125	0.000221	0.000086	0.000000	0.000176	0.000094	0.000082	0.000373	0.001892	0.000769	14651392	14651392	14651392	14651392	14651392	14651392	14651392	14651392	14651392	14651392	14651392	14651392	14651392	14651392	14651392	14651392	14651392	14651392	14651392	14651392	14651392	14651392	14651392	14651392	14651392	14651392	14651392	14651392
4	82	24	0	58	510	451	447	551	28	0	0.000135	0.000272	0.000237	0.000125	0.000000	0.000201	0.000099	0.000102	0.000457	0.002248	0.000821	14655488	14655488	14655488	14655488	14667776	14667776	14667776	14667776	14667776	14667776	14667776	14667776	14667776	14667776	14655488	14655488	14655488	14655488	14667776	14667776	14667776	14667776	14667776	14667776	14667776	14667776	14667776	14667776
5	447	131	0	316	2509	2052	1960	2511	159	0	0.000185	0.001051	0.000337	0.000295	0.000000	0.000602	0.000348	0.000254	0.000877	0.004213	0.000866	14667776	14667776	14680064	14680064	14753792	14753792	14761984	14761984	14761984	14761984	14761984	14761984	14761984	14761984	14667776	14667776	14680064	14680064	14753792	14753792	14761984	14761984	14761984	14761984	14761984	14761984	14761984	14761984
6	1960	687	2	1271	10840	8275	7714	10225	846	2	0.000408	0.004255	0.000680	0.001565	0.000000	0.002185	0.001450	0.000735	0.002218	0.012211	0.000900	14766080	14766080	14794752	14794752	15138816	15138816	15155200	15155200	15683584	15683584	15683584	16076800	16076800	16072704	14766080	14766080	14794752	14794752	15138816	15138816	15155200	15155200	15683584	15683584	15683584	16076800	16076800	16072704
7	7714	3005	15	4694	43237	31717	28583	38808	3851	17	0.000982	0.012638	0.001891	0.005055	0.000000	0.008144	0.005682	0.002462	0.007548	0.037193	0.000936	16072704	16072704	16179200	16179200	17920000	17920000	18497536	18497536	20598784	20598784	20619264	21819392	21819392	22339584	16072704	16072704	16179200	16179200	17920000	17920000	18497536	18497536	20598784	20598784	22020096	22020096	22020096	22339584
8	28583	10041	41	18501	169739	118773	106762	145570	13892	58	0.003523	0.046757	0.006935	0.019687	0.000000	0.033709	0.021137	0.012572	0.027634	0.140561	0.002315	22343680	22343680	22675456	22675456	28954624	28954624	31264768	31264768	35463168	35463168	35618816	44011520	44011520	42487808	22343680	22343680	22675456	22675456	28954624	28954624	31264768	31264768	35463168	35463168	39047168	44011520	44011520	43479040
9	106762	41609	225	64928	610934	402725	346184	491754	55501	283	0.015714	0.174388	0.026939	0.092073	0.000000	0.166205	0.114386	0.051820	0.143827	0.628653	0.009506	32792576	32792576	38682624	38682624	63188992	63188992	70873088	70873088	87654400	87654400	90624000	84328448	84328448	104546304	43479040	43479040	43479040	43479040	63188992	63188992	70873088	70873088	95244288	95244288	106983424	106983424	106983424	106983424
10	346184	128314	794	217076	2070403	1288420	1095851	1587605	183815	1077	0.074521	0.595215	0.098496	0.456518	0.000000	0.684364	0.444321	0.240042	0.621157	2.562352	0.032081	67678208	67678208	99758080	99758080	180895744	180895744	190865408	190865408	233152512	233152512	224632832	291745792	291745792	258187264	106983424	106983424	106983424	106983424	180895744	180895744	191602688	191602688	307908608	307908608	307908608	307908608	307908608	307908608
11	1095851	441814	4375	649662	6408513	3753533	2954532	4542137	625629	5452	0.217576	1.899409	0.467487	1.594645	0.000000	2.334396	1.540222	0.794173	2.192241	8.812742	0.106988	214913024	214913024	259235840	259235840	505065472	505065472	491728896	491728896	603553792	603553792	603553792	804880384	804880384	662970368	307908608	307908608	307908608	307908608	505065472	505065472	572801024	572801024	721272832	721272832	804225024	871526400	871526400	918601728
12	2954532	1185217	16239	1753076	17195492	9414265	7196129	11738266	1810846	21691	0.847499	4.956778	1.739626	4.672052	0.000000	5.955297	3.921830	2.033467	5.042293	23.491831	0.278285	605773824	605773824	797093888	797093888	1442172928	1442172928	1443139584	1443139584	1599049728	1599049728	1599049728	1867485184	1867485184	1674182656	918601728	918601728	918601728	918601728	1442172928	1442172928	1728278528	1728278528	1870123008	1870123008	2001244160	2135138304	2135138304	2135138304
13	5000000	2208373	44077	2747550	27447314	16752197	11337701	23075967	4019219	65768	1.195388	8.415155	3.762287	8.499736	0.000000	11.669795	7.813150	3.856645	10.004069	44.160605	0.614176	1482391552	1482391552	1667244032	1667244032	2516951040	2549108736	2570534912	2570534912	2887827456	2887827456	2887827456	3424698368	3424698368	3036598272	2135138304	2135138304	2135138304	2135138304	2516951040	2549108736	2937270272	2937270272	3375316992	3375316992	3692609536	3960909824	3960909824	3960909824
14	5000000	2233346	44917	2721737	27023187	19325807	10180808	33256775	6252565	110685	1.281695	9.392671	2.334497	9.567150	0.000000	16.492728	12.499429	3.993299	12.724681	52.859905	1.066482	2653483008	2653483008	2839805952	2839805952	3508600832	3526471680	3546046464	3546046464	3866734592	3866734592	3866734592	3866734592	3866734592	3497922560	3960909824	3960909824	3960909824	3960909824	3960909824	3960909824	3960909824	3960909824	4350619648	4350619648	4671307776	4671307776	4671307776	4671307776
15	5000000	2197559	54832	2747609	26839307	19180353	9004971	42261746	8450124	165517	1.509779	9.637500	4.473102	9.370445	0.000000	16.616662	10.208418	6.408243	10.680063	53.060758	0.773208	3091693568	3091693568	3294765056	3294765056	3920535552	3938115584	3910397952	3910397952	4263882752	4263882752	3995447296	5069189120	5069189120	5016023040	4671307776	4671307776	4671307776	4671307776	4671307776	4671307776	4671307776	4671307776	4746297344	4746297344	4746297344	6142259200	6142259200	6142259200
16	5000000	2260048	56658	2683294	26288733	19861667	7528010	49789756	10710172	222175	1.313145	9.043553	2.293370	8.876955	0.000000	11.903755	9.738937	2.164818	8.244861	42.296759	0.621120	4635213824	4635213824	4806332416	4806332416	5356523520	5374603264	5421961216	5421961216	5748523008	5748523008	5480087552	5480087552	5480087552	5336977408	6142259200	6142259200	6142259200	6142259200	6142259200	6142259200	6142259200	6142259200	6226714624	6226714624	6226714624	6226714624	6226714624	6226714624
17	5000000	2293818	71161	2635021	25817386	20349427	8606161	58395917	13003990	293336	1.374674	9.130888	4.572873	10.658570	0.000000	12.850984	10.340856	2.510127	6.759784	45.849239	0.501465	5006868480	5006868480	5179453440	5179453440	5698473984	5716824064	5764530176	5764530176	6631735296	6631735296	5826428928	5826428928	5826428928	5641883648	6226714624	6226714624	6226714624	6226714624	6226714624	6226714624	6226714624	6226714624	7374278656	7374278656	7374278656	7374278656	7374278656	7374278656
18	5000000	2367474	72579	2559947	25012100	19892174	6715402	65111319	15371464	365915	1.365799	8.952537	2.469087	8.193182	0.000000	12.250614	10.186277	2.064337	8.134936	42.027572	0.661417	5340610560	5340610560	5511987200	5511987200	6050598912	6069538816	6088306688	6088306688	6425083904	6425083904	6156648448	6156648448	6156648448	6065893376	7374278656	7374278656	7374278656	7374278656	7374278656	7374278656	7374278656	7374278656	7374278656	7374278656	7374278656	7374278656	7374278656	7374278656
19	5000000	2455910	87628	2456462	23868998	19027064	5746951	70858270	17827374	453543	1.330711	8.896223	4.669517	8.008962	0.000000	11.766746	9.903976	1.862770	5.000980	40.121063	0.447925	5753999360	5753999360	5924663296	5924663296	6347718656	6367367168	6398623744	6398623744	6744543232	6744543232	6476107776	6476107776	6476107776	6234935296	7374278656	7374278656	7374278656	7374278656	7374278656	7374278656	7374278656	7374278656	7374278656	7374278656	7374278656	7374278656	7374278656	7374278656
20	5000000	2527920	96175	2375905	23158018	19047326	5602050	76460320	20355294	549718	1.355117	8.787905	2.439734	7.629281	0.000000	11.702154	9.866157	1.835997	5.269275	37.668019	0.484554	6043017216	6043017216	6218289152	6218289152	6618423296	6638645248	6667591680	6667591680	7019200512	7019200512	6750765056	6750765056	6750765056	6543056896	7374278656	7374278656	7374278656	7374278656	7374278656	7374278656	7374278656	7374278656	7471775744	7471775744	7471775744	7471775744	7471775744	7471775744
21	5000000	2527632	95682	2376686	22737655	18952397	5831967	82292287	22882926	645400	1.378257	8.626619	4.390036	7.452657	0.000000	20.499744	9.860160	10.639584	6.007903	48.887286	0.532071	6264074240	6264074240	6439464960	6439464960	6870294528	6890520576	6945841152	6945841152	7300812800	7300812800	7032377344	9179860992	9179860992	8999657472	7471775744	7471775744	7471775744	7471775744	7471775744	7471775744	7471775744	7471775744	7750483968	7750483968	7750483968	11326541824	11326541824	11326541824
22	5000000	2432681	92891	2474428	23180889	18947694	6602182	88894469	25315607	738291	1.315775	8.587189	2.217091	7.513314	0.000000	11.598642	9.656569	1.942073	7.190921	39.002919	0.579987	8700657664	8700657664	8878874624	8878874624	9364586496	9384046592	9415467008	9415467008	9766891520	9766891520	9498456064	9498456064	9498456064	9345257472	11326541824	11326541824	11326541824	11326541824	11326541824	11326541824	11326541824	11326541824	11326541824	11326541824	11326541824	11326541824	11326541824	11326541824
23	5000000	2473210	93548	2433242	22685929	18696909	5233415	94127884	27788817	831839	1.310999	8.575924	4.231442	7.334455	0.000000	11.131216	9.530771	1.600445	7.491602	40.732525	0.656888	9009639424	9009639424	9190596608	9190596608	9649926144	9669713920	9724411904	9724411904	10079797248	10079797248	9811361792	9811361792	9811361792	9725378560	11326541824	11326541824	11326541824	11326541824	11326541824	11326541824	11326541824	11326541824	11326541824	11326541824	11326541824	11326541824	11326541824	11326541824
24	5000000	2632772	106955	2260273	21033323	17699461	4532197	98660081	30421589	938794	1.280329	8.462115	2.042617	7.010446	0.000000	10.161458	8.762167	1.399291	7.203539	36.817890	0.657386	9327341568	9327341568	9499803648	9499803648	9882628096	9903689728	9938006016	9938006016	10306613248	10306613248	9903960064	9903960064	9903960064	9915326464	11326541824	11326541824	11326541824	11326541824	11326541824	11326541824	11326541824	11326541824	11326541824	11326541824	11326541824	11326541824	11326541824	11326541824
25	5000000	2858261	124806	2016933	18624194	15876166	4132968	102793049	33279850	1063600	1.257106	8.321342	3.743195	6.345999	0.000000	9.487446	8.156232	1.331214	6.650411	36.411786	0.606288	9605881856	9605881856	9781084160	9781084160	10061410304	10084274176	10107658240	10107658240	10495537152	10495537152	10092883968	10092883968	10092883968	10122973184	11326541824	11326541824	11326541824	11326541824	11326541824	11326541824	11326541824	11326541824	11326541824	11326541824	11326541824	11326541824	11326541824	11326541824
26	5000000	2793863	141953	2064184	19185992	16596094	4813954	107607003	36073713	1205553	1.289136	8.348366	1.251979	6.465467	0.000000	9.910250	8.401481	1.508768	6.374801	34.201063	0.561064	9743171584	9743171584	9939935232	9939935232	10325516288	10347872256	10392690688	10392690688	10776076288	10776076288	10373423104	10373423104	10373423104	10385829888	11326541824	11326541824	11326541824	11326541824	11326541824	11326541824	11326541824	11326541824	11326541824	11326541824	11326541824	11326541824	11326541824	11326541824
27	5000000	2809066	145805	2045129	19000850	16214277	4583382	112190385	38882779	1351358	1.305757	8.226342	2.873348	6.221443	0.000000	9.721962	8.249966	1.471996	5.995192	34.881215	0.537171	10061852672	10061852672	10240397312	10240397312	10634366976	10657923072	10670465024	10670465024	11055329280	11055329280	10652676096	10652676096	10652676096	10654617600	11326541824	11326541824	11326541824	11326541824	11326541824	11326541824	11326541824	11326541824	11475386368	11475386368	11475386368	11475386368	11475386368	11475386368
28	5000000	2821349	150858	2027793	18748534	15999355	4412124	116602509	41704128	1502216	1.278286	8.179128	4.602157	6.132313	0.000000	9.775019	8.326681	1.448338	5.374541	35.845623	0.504180	10343198720	10343198720	10521538560	10521542656	10906648576	10929221632	10941046784	10941046784	11327930368	11327930368	10925277184	10925277184	10925277184	10906656768	11475386368	11475386368	11475386368	11475386368	11475386368	11475386368	11475386368	11475386368	11745898496	11745898496	11745898496	11745898496	11745898496	11745898496
29	5000000	2788433	156097	2055470	18745077	15770142	4319293	120921802	44492561	1658313	1.305139	8.156458	2.185519	6.125967	0.000000	9.575061	8.171608	1.403452	4.843724	32.651855	0.459987	10565271552	10565271552	10774982656	10774982656	11172216832	11194523648	11167211520	11167211520	11585449984	11585449984	11182796800	11182796800	11182796800	11156250624	11745898496	11745898496	11745898496	11745898496	11745898496	11745898496	11745898496	11745898496	12003389440	12003389440	12003389440	12003389440	12003389440	12003389440
30	5000000	2970483	186888	1842629	16997509	14644636	3512059	124433861	47463044	1845201	1.280652	8.100021	3.764200	5.893060	0.000000	8.965709	7.777031	1.188678	3.852346	32.252071	0.396083	10839433216	10839433216	11046129664	11046133760	11358904320	11382677504	11428569088	11428569088	11829460992	11829460992	11426807808	11426807808	11426807808	11305967616	12003389440	12003389440	12003389440	12003389440	12003389440	12003389440	12003389440	12003389440	12233302016	12233302016	12233302016	12233302016	12233302016	12233302016
31	5000000	3156020	201713	1642267	15095157	13037540	3248697	127682558	50619064	2046914	1.267738	7.872877	1.031070	5.224930	0.000000	8.205057	7.080268	1.124789	6.344676	30.552259	0.605910	11114598400	11114598400	11292643328	11292643328	11535994880	11562848256	11596521472	11596521472	12012634112	12012634112	11609980928	11609980928	11609980928	11671748608	12233302016	12233302016	12233302016	12233302016	12233302016	12233302016	12233302016	12233302016	12401172480	12401172480	12401172480	12401172480	12401172480	12401172480
32	5000000	3094861	200744	1704395	15627095	13530304	4010841	131693399	53713925	2247658	1.173086	7.926521	2.403657	5.363919	0.000000	8.666311	7.312845	1.353466	5.546481	31.584322	0.504347	11366346752	11366346752	11546918912	11546918912	11869130752	11894112256	11842719744	11842719744	12279611392	12279611392	11876958208	11876958208	11876958208	11890622464	12401172480	12401172480	12401172480	12401172480	12401172480	12401172480	12401172480	12401172480	12672704512	12672704512	12672704512	12672704512	12672704512	12672704512
33	5000000	2911039	197413	1891548	17164698	14494365	4584132	136277531	56624964	2445071	1.282857	8.095006	3.917305	5.565265	0.000000	9.273751	7.747588	1.526163	5.008988	33.608490	0.465317	11583492096	11583492096	11765878784	11765878784	12154101760	12177387520	12232519680	12232519680	12632076288	12632076288	12229423104	12229423104	12229423104	12180606976	12672704512	12672704512	12672704512	12672704512	12672704512	12672704512	12672704512	12672704512	13037535232	13037535232	13037535232	13037535232	13037535232	13037535232
34	5000000	2906785	206478	1886737	16881374	14341020	4286542	140564073	59531749	2651549	1.251492	8.032955	1.294775	5.650396	0.000000	9.329194	7.843851	1.485343	4.429256	30.423744	0.435676	11961049088	11961049088	12138360832	12138360832	12481744896	12504997888	12506451968	12506451968	12908273664	12908273664	12505620480	12505620480	12505620480	12444987392	13037535232	13037535232	13037535232	13037535232	13037535232	13037535232	13037535232	13037535232	13311401984	13311401984	13311401984	13311401984	13311401984	13311401984
35	5000000	2931684	210251	1858065	16641140	14030101	4015295	144579368	62463433	2861800	1.243180	8.010113	2.849303	5.478466	0.000000	9.100644	7.710975	1.389669	3.736771	30.858605	0.440129	12169420800	12169420800	12345249792	12345249792	12695986176	12719439872	12754862080	12754862080	13158604800	13158604800	12755951616	12755951616	12755951616	12688949248	13311401984	13311401984	13311401984	13311401984	13311401984	13311401984	13311401984	13311401984	13559435264	13559435264	13559435264	13559435264	13559435264	13559435264
36	5000000	3080709	225633	1693658	15317010	12988203	3622311	148201679	65544142	3087433	1.378325	7.888587	4.176244	5.202963	0.000000	8.429245	7.151983	1.277262	2.720065	30.124409	0.328980	12397080576	12397080576	12603895808	12603895808	12910637056	12952453120	12970881024	12970881024	13385216000	13385216000	12982562816	12982562816	12982562816	12919095296	13559435264	13559435264	13559435264	13559435264	13559435264	13559435264	13559435264	13559435264	13775052800	13775052800	13775052800	13775052800	13775052800	13775052800
37	5000000	3015627	231879	1752494	16107228	13526031	4496018	152697697	68559769	3319312	1.219750	7.907180	1.719655	5.339449	0.000000	8.855511	7.303608	1.551903	6.102830	31.673787	0.529410	12697473024	12697473024	12876083200	12876083200	13222215680	13248192512	13278953472	13278953472	13686968320	13686968320	13284315136	13284315136	13284315136	13296422912	13775052800	13775052800	13775052800	13775052800	13775052800	13775052800	13775052800	13775052800	14083125248	14083125248	14083125248	14083125248	14083125248	14083125248
38	5000000	2901426	227696	1870878	17472142	14192206	4678746	157376443	71461195	3547008	1.213447	8.136700	3.079263	5.694931	0.000000	9.196132	7.529338	1.666794	6.095675	33.936745	0.520597	13045145600	13045145600	13226885120	13226885120	13626572800	13651013632	13659054080	13659054080	14056148992	14056148992	13653495808	13653495808	13653495808	13632495616	14083125248	14083125248	14083125248	14083125248	14083125248	14083125248	14083125248	14083125248	14463217664	14463217664	14463217664	14463217664	14463217664	14463217664
39	5000000	2980936	227231	1791833	16880876	13838051	4238024	161614467	74442131	3774239	1.239010	8.026559	4.539437	5.630096	0.000000	31.663013	7.591354	24.071659	5.348860	56.931401	0.484426	13388795904	13388795904	13565202432	13565202432	13903212544	13927059456	13928251392	13928251392	14330077184	14330077184	13927424000	18222391296	18222391296	18202238976	14463217664	14463217664	14463217664	14463217664	14463217664	14463217664	14463217664	14463217664	14732423168	14732423168	14732423168	22516088832	22516088832	22516088832
40	5000000	3064188	223111	1712701	16286227	13255285	4044181	165658648	77506319	3997350	1.252057	7.972159	2.049454	5.507361	0.000000	12.233111	9.146524	3.086587	4.528810	33.980437	0.437484	17888923648	17888923648	18066501632	18066501632	18416754688	18441269248	18458505216	18458505216	18865086464	18865086464	18462433280	18462433280	18462433280	18414571520	22516088832	22516088832	22516088832	22516088832	22516088832	22516088832	22516088832	22516088832	22516088832	22516088832	22516088832	22516088832	22516088832	22516088832
41	5000000	3055538	212872	1731590	16584455	13564756	4514731	170173379	80561857	4210222	1.255667	8.044789	3.315355	5.523742	0.000000	10.015103	8.294288	1.720815	4.206864	32.797490	0.435969	18202046464	18202046464	18380562432	18380562432	18727608320	18752057344	18753658880	18753658880	19157856256	19157856256	18755203072	18755203072	18755203072	18689069056	22516088832	22516088832	22516088832	22516088832	22516088832	22516088832	22516088832	22516088832	22516088832	22516088832	22516088832	22516088832	22516088832	22516088832
42	5000000	2837798	177628	1984574	18947307	15018615	5286639	175460018	83399655	4387850	1.266768	8.316272	6.039814	7.652155	0.000000	10.911331	9.130812	1.780519	4.789839	39.388973	0.412795	18494418944	18494418944	18674720768	18674720768	19120439296	19143139328	19144601600	19144601600	19529895936	19529895936	19261460480	19261460480	19261460480	19049066496	22516088832	22516088832	22516088832	22516088832	22516088832	22516088832	22516088832	22516088832	22516088832	22516088832	22516088832	22516088832	22516088832	22516088832
43	5000000	2763213	161168	2075619	19638392	15518963	5055029	180515047	86162868	4549018	1.261203	8.351948	3.063165	8.375587	0.000000	16.702811	12.156531	4.546279	5.270760	43.559706	0.534233	18858209280	18858209280	19034050560	19034050560	19451740160	19473846272	19484823552	19484823552	19864588288	19864588288	19596152832	19596152832	19596152832	19389321216	22516088832	22516088832	22516088832	22516088832	22516088832	22516088832	22516088832	22516088832	22516088832	22516088832	22516088832	22516088832	22516088832	22516088832
44	5000000	2819305	151199	2029496	19208655	15107955	4687030	185202077	88982173	4700217	1.447170	9.603243	4.456383	6.673982	0.000000	19.829027	16.229856	3.599171	4.487146	47.347377	0.850426	19193503744	19193503744	19368251392	19368251392	19736539136	19759095808	19760599040	19760599040	20143804416	20143804416	19741151232	19741151232	19741151232	19665813504	22516088832	22516088832	22516088832	22516088832	22516088832	22516088832	22516088832	22516088832	22516088832	22516088832	22516088832	22516088832	22516088832	22516088832
45	5000000	2796717	137452	2065831	19602873	15490888	5047902	190249979	91778890	4837669	1.381831	8.950497	2.026744	6.656706	0.000000	13.599404	11.739151	1.860253	4.151253	37.331880	0.565443	19472719872	19472719872	19651829760	19651829760	20036374528	20058746880	20060655616	20060655616	20440707072	20440707072	20172271616	20172271616	20172271616	19957395456	22516088832	22516088832	22516088832	22516088832	22516088832	22516088832	22516088832	22516088832	22516088832	22516088832	22516088832	22516088832	22516088832	22516088832
46	5000000	2762726	126854	2110420	20119272	15704033	4906374	195156353	94541616	4964523	1.260628	8.740580	3.582780	6.542264	0.000000	11.610316	9.944134	1.666183	4.062414	36.193213	0.394231	19769622528	19769622528	19947315200	19947315200	20351025152	20373127168	20374941696	20374941696	20750860288	20750860288	20348207104	20348207104	20348207104	20267663360	22516088832	22516088832	22516088832	22516088832	22516088832	22516088832	22516088832	22516088832	22516088832	22516088832	22516088832	22516088832	22516088832	22516088832
47	5000000	2919291	128123	1952586	18767030	14892938	4218207	199374560	97460907	5092646	1.243621	8.496394	1.084573	6.875155	0.000000	10.434020	8.945736	1.488284	3.514451	32.025143	0.376929	20080267264	20080267264	20254486528	20254486528	20583411712	20606767104	20608126976	20608126976	20994863104	20994863104	20592209920	20592209920	20592209920	20504186880	22516088832	22516088832	22516088832	22516088832	22516088832	22516088832	22516088832	22516088832	22516088832	22516088832	22516088832	22516088832	22516088832	22516088832
48	5000000	3060680	131564	1807756	17396344	13857514	3848476	203223036	100521587	5224210	1.260719	8.397052	2.595406	6.529300	0.000000	9.487448	8.173344	1.314104	6.556207	35.502273	0.676140	20324036608	20324036608	20501118976	20501118976	20800004096	20866285568	20867354624	20867354624	21265055744	21265055744	20862402560	20862402560	20862402560	20864868352	22516088832	22516088832	22516088832	22516088832	22516088832	22516088832	22516088832	22516088832	22516088832	22516088832	22516088832	22516088832	22516088832	22516088832
49	5000000	2933819	122682	1943499	18602683	14558951	4377684	207600720	103455406	5346892	1.214015	8.534601	4.214940	6.508781	0.000000	10.248034	8.770030	1.478005	6.374954	37.661959	0.566634	20431224832	20431224832	20634939392	20634939392	21042855936	21067309056	21124554752	21124554752	21512605696	21512605696	21109952512	21109952512	21109952512	21115981824	22516088832	22516088832	22516088832	22516088832	22516088832	22516088832	22516088832	22516088832	22516088832	22516088832	22516088832	22516088832	22516088832	22516088832
50	5000000	2914466	119827	1965707	18416058	14308964	4148128	211748848	106369872	5466719	1.295075	8.577983	1.965381	6.698767	0.000000	9.779630	8.382049	1.397581	5.442447	34.283924	0.524641	20736434176	20736434176	20938719232	20938719232	21319999488	21344272384	21383999488	21383999488	21773545472	21773545472	21370892288	21370892288	21370892288	21373853696	22516088832	22516088832	22516088832	22516088832	22516088832	22516088832	22516088832	22516088832	22516088832	22516088832	22516088832	22516088832	22516088832	22516088832
51	5000000	2971702	118895	1909403	17557286	13881358	3864591	215613439	109341574	5585614	1.292826	8.328970	3.786156	6.579345	0.000000	9.276641	7.967583	1.309058	4.460591	34.189712	0.465183	21008044032	21008044032	21209305088	21209305088	21587988480	21612711936	21626376192	21626376192	22022791168	22022791168	21620137984	21620137984	21620137984	21590687744	22516088832	22516088832	22516088832	22516088832	22516088832	22516088832	22516088832	22516088832	22516088832	22516088832	22516088832	22516088832	22516088832	22516088832
52	5000000	3081186	135637	1783177	16437881	13103116	3739981	219353420	112422760	5721251	1.257969	8.278365	4.820945	5.782436	0.000000	8.644139	7.369685	1.274454	3.487599	32.657221	0.385768	21285638144	21285638144	21462372352	21462372352	21776744448	21802479616	21819756544	21819756544	22225125376	22225125376	21822472192	21822472192	21822472192	21779431424	22516088832	22516088832	22516088832	22516088832	22516088832	22516088832	22516088832	22516088832	22624100352	22624100352	22624100352	22624100352	22624100352	22624100352
53	5000000	3129676	133556	1736768	16077136	12639915	3500206	222853626	115552436	5854807	1.276040	8.072745	2.170714	5.850158	0.000000	8.133214	6.955823	1.177391	6.337808	32.456722	0.616044	21493764096	21493764096	21682864128	21682864128	22030114816	22056222720	22099247104	22099247104	22507503616	22507503616	22104850432	22104850432	22104850432	22152933376	22624100352	22624100352	22624100352	22624100352	22624100352	22624100352	22624100352	22624100352	22903590912	22903590912	22903590912	22903590912	22903590912	22903590912
54	5000000	3311861	156193	1531946	14516492	11389980	3042471	225896097	118864297	6011000	1.221753	7.841772	3.234263	5.637072	0.000000	8.513526	7.441929	1.071597	4.910495	31.866657	0.507775	21746954240	21746954240	21933592576	21933592576	22227968000	22255710208	22282579968	22282579968	22703321088	22703321088	22300667904	22300667904	22300667904	22275440640	22903590912	22903590912	22903590912	22903590912	22903590912	22903590912	22903590912	22903590912	23086919680	23086919680	23086919680	23086919680	23086919680	23086919680
55	5000000	3327411	181023	1491566	14015437	10873896	3173432	229069529	122191708	6192023	1.293868	7.695847	4.426183	5.117329	0.000000	7.212437	6.128457	1.083980	3.446626	29.611552	0.419262	21941153792	21941153792	22144876544	22144876544	22442946560	22471012352	22491758592	22491758592	22916509696	22916509696	22513856512	22513856512	22513856512	22448869376	23086919680	23086919680	23086919680	23086919680	23086919680	23086919680	23086919680	23086919680	23296102400	23296102400	23296102400	23296102400	23296102400	23296102400
56	5000000	3250550	194215	1555235	14157392	10684855	3245492	232315021	125442258	6386238	1.296138	7.632998	1.845958	5.991927	0.000000	7.446234	6.338627	1.107607	6.129672	30.951226	0.608298	22177382400	22177382400	22379487232	22379487232	22709186560	22736748544	22778773504	22778773504	23202385920	23202385920	22799732736	22799732736	22799732736	22835576832	23296102400	23296102400	23296102400	23296102400	23296102400	23296102400	23296102400	23296102400	23582990336	23582990336	23582990336	23582990336	23582990336	23582990336
57	5000000	3301857	186665	1511478	13879952	10175520	3162267	235477288	128744115	6572903	1.219407	7.652955	3.140786	5.643823	0.000000	6.974544	5.895832	1.078712	4.705834	29.795853	0.458504	22439395328	22439395328	22642229248	22642233344	22946865152	22974771200	23023087616	23023087616	23448920064	23448920064	23046266880	23046266880	23046266880	22996271104	23582990336	23582990336	23582990336	23582990336	23582990336	23582990336	23582990336	23582990336	23827304448	23827304448	23827304448	23827304448	23827304448	23827304448
58	5000000	3408581	169453	1421966	13259275	9119239	3072045	238549333	132152696	6742356	1.279906	7.567195	4.264439	3.899993	0.000000	5.843031	4.825564	1.017467	2.972916	26.173339	0.345860	22688190464	22688190464	22888632320	22888632320	23183491072	23212113920	23229247488	23229247488	23391608832	23391608832	23257391104	23257391104	23257391104	23209984000	23827304448	23827304448	23827304448	23827304448	23827304448	23827304448	23827304448	23827304448	23827304448	23827304448	23827304448	23827304448	23827304448	23827304448
59	4007196	2655057	104145	1247994	11497360	7618250	2616199	241165532	134807753	6846501	1.063393	6.126755	1.097484	3.421780	0.000000	4.890265	4.018906	0.871359	2.052922	18.933324	0.280725	22984515584	22984515584	23150501888	23150501888	23350226944	23372304384	23382679552	23382679552	23559139328	23559139328	23424921600	23424921600	23424921600	23312224256	23827304448	23827304448	23827304448	23827304448	23827304448	23827304448	23827304448	23827304448	23827304448	23827304448	23827304448	23827304448	23827304448	23827304448
60	2616199	1732951	47059	836189	7734969	5009951	1836452	243001984	136540704	6893560	0.826065	4.074351	2.060655	2.089665	0.000000	3.051651	2.447063	0.604588	1.278166	13.562261	0.181707	23083139072	23083139072	23259152384	23259152384	23316434944	23330672640	23394680832	23394680832	23467020288	23467020288	23399911424	23399911424	23399911424	23332798464	23827304448	23827304448	23827304448	23827304448	23827304448	23827304448	23827304448	23827304448	23827304448	23827304448	23827304448	23827304448	23827304448	23827304448
61	1836452	1204363	28921	603168	5591822	3549758	1374668	244376652	137745067	6922481	0.511839	2.972964	2.675247	1.718448	0.000000	2.290116	1.832676	0.457439	1.026169	11.317997	0.123215	23115968512	23115968512	23219838976	23219838976	23310299136	23320166400	23270039552	23270039552	23384559616	23384559616	23317450752	23317450752	23317450752	23272333312	23827304448	23827304448	23827304448	23827304448	23827304448	23827304448	23827304448	23827304448	23827304448	23827304448	23827304448	23827304448	23827304448	23827304448
62	1374668	873200	23841	477627	4350893	2738093	1062972	245439624	138618267	6946322	0.392440	2.238389	2.949206	1.254702	0.000000	1.659779	1.306940	0.352839	0.659605	9.254816	0.100695	23205220352	23205220352	23281627136	23281627136	23338160128	23345336320	23383957504	23383957504	23483371520	23483371520	23349149696	23349149696	23349149696	23349149696	23827304448	23827304448	23827304448	23827304448	23827304448	23827304448	23827304448	23827304448	23827304448	23827304448	23827304448	23827304448	23827304448	23827304448
63	1062972	711723	27867	323382	2947746	1912583	680743	246120367	139329990	6974189	0.263989	1.684805	3.161539	0.797430	0.000000	1.184428	0.952991	0.231437	0.474997	7.631511	0.064323	23203811328	23203811328	23252115456	23252115456	23276929024	23282843648	23321518080	23321518080	23303860224	23303860224	23299534848	23299534848	23299534848	23276867584	23827304448	23827304448	23827304448	23827304448	23827304448	23827304448	23827304448	23827304448	23827304448	23827304448	23827304448	23827304448	23827304448	23827304448
64	680743	463301	17751	199691	1740414	1193878	394009	246514376	139793291	6991940	0.177849	1.084947	3.315711	0.414386	0.000000	0.724533	0.585373	0.139160	0.214805	5.973092	0.040861	23243309056	23243309056	23280230400	23280230400	23280230400	23284080640	23322558464	23322558464	23279411200	23279411200	23275081728	23275081728	23275081728	23278231552	23827304448	23827304448	23827304448	23827304448	23827304448	23827304448	23827304448	23827304448	23827304448	23827304448	23827304448	23827304448	23827304448	23827304448
65	394009	285529	15750	92730	789397	574302	179300	246693676	140078820	7007690	0.085483	0.606270	3.311853	0.156045	0.000000	0.337740	0.272943	0.064797	0.087032	4.606263	0.021841	23244673024	23244673024	23244931072	23244931072	23244931072	23247339520	23267000320	23267000320	23267000320	23267000320	23267000320	23267000320	23267000320	23267000320	23827304448	23827304448	23827304448	23827304448	23827304448	23827304448	23827304448	23827304448	23827304448	23827304448	23827304448	23827304448	23827304448	23827304448
66	179300	134753	5885	38662	310612	245228	69765	246763441	140213573	7013575	0.034290	0.269635	3.429304	0.066793	0.000000	0.143630	0.118850	0.024780	0.023493	3.983865	0.016721	23267000320	23267000320	23267000320	23267000320	23267000320	23268126720	23287820288	23287820288	23287820288	23287820288	23287820288	23287820288	23287820288	23287820288	23827304448	23827304448	23827304448	23827304448	23827304448	23827304448	23827304448	23827304448	23827304448	23827304448	23827304448	23827304448	23827304448	23827304448
67	69765	53896	3721	12148	94813	78800	24330	246787771	140267469	7017296	0.010326	0.093078	3.413831	0.018079	0.000000	0.047828	0.039472	0.008356	0.007745	3.594534	0.003647	23218974720	23218974720	23218974720	23218974720	23218974720	23219433472	23244468224	23244468224	23244468224	23244468224	23244468224	23244468224	23244468224	23244468224	23827304448	23827304448	23827304448	23827304448	23827304448	23827304448	23827304448	23827304448	23827304448	23827304448	23827304448	23827304448	23827304448	23827304448
68	24330	19420	940	3970	29604	26348	7989	246795760	140286889	7018236	0.003762	0.032389	3.466027	0.005870	0.000000	0.014453	0.013137	0.001316	0.002494	3.526950	0.001956	23244468224	23244468224	23244468224	23244468224	23244468224	23244632064	23244632064	23244632064	23244632064	23244632064	23244632064	23244632064	23244632064	23244632064	23827304448	23827304448	23827304448	23827304448	23827304448	23827304448	23827304448	23827304448	23827304448	23827304448	23827304448	23827304448	23827304448	23827304448
69	7989	5625	636	1728	12178	11174	4419	246800179	140292514	7018872	0.001045	0.010638	3.425256	0.002067	0.000000	0.006473	0.005791	0.000682	0.001409	3.448330	0.001442	23244632064	23244632064	23244632064	23244632064	23244632064	23244681216	23244681216	23244681216	23244681216	23244681216	23244681216	23244681216	23244681216	23244681216	23827304448	23827304448	23827304448	23827304448	23827304448	23827304448	23827304448	23827304448	23827304448	23827304448	23827304448	23827304448	23827304448	23827304448
70	4419	3570	76	773	5624	5193	2031	246802210	140296084	7018948	0.000534	0.005438	3.416228	0.001193	0.000000	0.003301	0.002942	0.000359	0.000849	3.428794	0.001252	23244681216	23244681216	23244681216	23244681216	23244681216	23244709888	23244709888	23244709888	23244709888	23244709888	23244709888	23244709888	23244709888	23244709888	23827304448	23827304448	23827304448	23827304448	23827304448	23827304448	23827304448	23827304448	23827304448	23827304448	23827304448	23827304448	23827304448	23827304448
71	2031	1582	36	413	2209	1989	932	246803142	140297666	7018984	0.000368	0.002461	3.358782	0.000536	0.000000	0.001390	0.001190	0.000200	0.000666	3.365341	0.001139	23244709888	23244709888	23244709888	23244709888	23244709888	23244722176	23244722176	23244722176	23244722176	23244722176	23244722176	23244722176	23244722176	23244722176	23827304448	23827304448	23827304448	23827304448	23827304448	23827304448	23827304448	23827304448	23827304448	23827304448	23827304448	23827304448	23827304448	23827304448
72	932	923	1	8	72	68	25	246803167	140298589	7018985	0.000211	0.001128	3.385682	0.000082	0.000000	0.000192	0.000119	0.000073	0.000482	3.388839	0.001061	23244722176	23244722176	23244722176	23244722176	23244722176	23244730368	23244730368	23244730368	23244730368	23244730368	23244730368	23244730368	23244730368	23244730368	23827304448	23827304448	23827304448	23827304448	23827304448	23827304448	23827304448	23827304448	23827304448	23827304448	23827304448	23827304448	23827304448	23827304448
73	25	25	0	0	0	0	0	246803167	140298614	7018985	0.000094	0.000104	3.440458	0.000069	0.000000	0.000117	0.000059	0.000057	0.000083	3.442151	0.001226	23244730368	23244730368	23244730368	23244730368	23244730368	23244730368	23244730368	23244730368	23244730368	23244730368	23244730368	23244730368	23244730368	23244730368	23827304448	23827304448	23827304448	23827304448	23827304448	23827304448	23827304448	23827304448	23827304448	23827304448	23827304448	23827304448	23827304448	23827304448
