label	arm	files	bytes	md5_list_sha256	vs_ref
b1_base	base	51	1974425336	ada002f3e33c16f04ebaf5db2ee05969763f3e219f76b86a484040637b74f804	基準
b1_fnsi	fnsi	51	1974425336	ada002f3e33c16f04ebaf5db2ee05969763f3e219f76b86a484040637b74f804	一致
b1_const	const	51	1974425336	ada002f3e33c16f04ebaf5db2ee05969763f3e219f76b86a484040637b74f804	一致
b1_native	native	51	1974425336	ada002f3e33c16f04ebaf5db2ee05969763f3e219f76b86a484040637b74f804	一致
b1_huge	huge	51	1974425336	ada002f3e33c16f04ebaf5db2ee05969763f3e219f76b86a484040637b74f804	一致
b1_pf	pf	51	1974425336	ada002f3e33c16f04ebaf5db2ee05969763f3e219f76b86a484040637b74f804	一致
b1_all	all	51	1974425336	ada002f3e33c16f04ebaf5db2ee05969763f3e219f76b86a484040637b74f804	一致
b2_fnsi	fnsi	51	1974425336	ada002f3e33c16f04ebaf5db2ee05969763f3e219f76b86a484040637b74f804	一致
b2_const	const	51	1974425336	ada002f3e33c16f04ebaf5db2ee05969763f3e219f76b86a484040637b74f804	一致
b2_native	native	51	1974425336	ada002f3e33c16f04ebaf5db2ee05969763f3e219f76b86a484040637b74f804	一致
b2_huge	huge	51	1974425336	ada002f3e33c16f04ebaf5db2ee05969763f3e219f76b86a484040637b74f804	一致
b2_pf	pf	51	1974425336	ada002f3e33c16f04ebaf5db2ee05969763f3e219f76b86a484040637b74f804	一致
b2_all	all	51	1974425336	ada002f3e33c16f04ebaf5db2ee05969763f3e219f76b86a484040637b74f804	一致
b2_base	base	51	1974425336	ada002f3e33c16f04ebaf5db2ee05969763f3e219f76b86a484040637b74f804	一致
b3_const	const	51	1974425336	ada002f3e33c16f04ebaf5db2ee05969763f3e219f76b86a484040637b74f804	一致
b3_native	native	51	1974425336	ada002f3e33c16f04ebaf5db2ee05969763f3e219f76b86a484040637b74f804	一致
b3_huge	huge	51	1974425336	ada002f3e33c16f04ebaf5db2ee05969763f3e219f76b86a484040637b74f804	一致
b3_pf	pf	51	1974425336	ada002f3e33c16f04ebaf5db2ee05969763f3e219f76b86a484040637b74f804	一致
b3_all	all	51	1974425336	ada002f3e33c16f04ebaf5db2ee05969763f3e219f76b86a484040637b74f804	一致
b3_base	base	51	1974425336	ada002f3e33c16f04ebaf5db2ee05969763f3e219f76b86a484040637b74f804	一致
b3_fnsi	fnsi	51	1974425336	ada002f3e33c16f04ebaf5db2ee05969763f3e219f76b86a484040637b74f804	一致
